﻿pos_x,pos_y,rotation,side,designator,mpn,pack,value,mount_type,place
179.07,-80.645,-90.0,top,C1,,C_0805_2012Metric,10n,smt,True
171.45,-86.36,0.0,top,D1,,D_T-1_P5.08mm_Horizontal,D_Zener,tht,True
168.91,-80.645,-90.0,top,F1,,Fuse_0805_2012Metric,Fuse,smt,True
173.99,-73.755,180.0,top,J1,,USB_C_Receptacle_GCT_USB4125-xx-x_6P_TopMnt_Horizontal,USB_C_Receptacle_PowerOnly_6P,smt,True
173.99,-71.755,0.0,top,J2,,din7_fake,DIN-7,tht,True
181.3325,-76.835,-90.0,top,R1,,R_0805_2012Metric,5.1k,smt,True
167.005,-76.835,-90.0,top,R2,,R_0805_2012Metric,5.1k,smt,True
173.355,-80.01,45.0,bottom,U1,,TSSOP-16_4.4x5mm_P0.65mm,IP2721,smt,True
